{
    "98565292-8069-4816-a74a-9c7b6ada72dc": {
        "userId": "98565292-8069-4816-a74a-9c7b6ada72dc",
        "categories": {
            "needs": {
                "ratio": 50.0,
                "amount": 93212.57999999996
            },
            "saving": {
                "ratio": 20.0,
                "amount": -28922.279999999995
            },
            "wants": {
                "ratio": 30.0,
                "amount": 19118.550000000003
            }
        }
    }
}